<?xml version='1.0'?>
<!DOCTYPE rfc SYSTEM 'rfc2629.dtd'>
<rfc ipr="trust200902" docName="draft-hallambaker-mesh-remesh-00" category="info">
<front>
<title abbrev="LURK Protocol and Reference">Limited Use of Remote Keys, Protocol and Reference.</title>
<author fullname="Phillip Hallam-Baker    " initials="P. M.    " surname="Hallam-Baker    ">
<organization>Comodo Group Inc.    </organization>
<address>
<email>philliph@comodo.com</email>
</address>
</author>
<date day="27" month="July" year="2016"/>
<area>General</area>
<workgroup/>
<abstract>
<t>The </t>
</abstract>
</front>
<middle>
<section title="Definitions" anchor="Section_1">
<t>[Please note that due to work in progress to support the new RFC format etc, some of the formatting features are not currently working as they should. These will be fixed in the next version.]</t>
<section title="Requirements Language" anchor="Section_1_1">
<t>The key words "MUST", "MUST NOT", "REQUIRED", "SHALL", "SHALL NOT", "SHOULD", "SHOULD NOT", "RECOMMENDED", "MAY", and "OPTIONAL" in this document are to be interpreted as described in [RFC2119].</t>
</section>
<section title="Related Specifications" anchor="Section_1_2">
<t>This protocol is makes use of technology described in the following specifications</t>
<t>JSON [RFC7159]</t>
<t>For encoding of message data structures.</t>
<t>JOSE [RFC7515] [RFC7516] [RFC7518]</t>
<t>Formats for cryptographic messages and keys in JSON.</t>
<t>JSON Web Service [draft-hallambaker-json-web-service-02]</t>
<t>Describes the approach used for Web Service discovery and the encapsulation of JSON messages as HTTP payloads with the necessary authentication and encryption services.</t>
<t>Uniform Data Fingerprint [draft-hallambaker-udf-03]</t>
<t>Describes the mechanism used to create identifiers for cryptographic keypairs from the public key.</t>
<t>In addition, the following specifications are closely related but not required for implementation:</t>
<t>Transport Layer Security [RFC5246]</t>
<t>The use of TLS to protect the confidentiality and integrity of all protocol communications is of course highly recommended. It is however highly undesirable for a cryptographic protocol such as LURK should rely on transport layer security enhancements alone. </t>
<t>The Mathematical Mesh [draft-hallambaker-mesh-architecture-01] [draft-hallambaker-mesh-reference-02]</t>
<t>MAY be used to establish trust relationships between the parties in the protocol.</t>
<t>CFRG Elliptic Curves and Algorithms [RFC7748]</t>
<t>The threshold and proxy re-encryption schemes described are likely to be of most interest in conjunction with the emerging elliptic curve based cryptography.</t>
<t>JSON-BCD [draft-hallambaker-jsonbcd-05]</t>
<t>JSON-B or JSON-C encoding may be used if an efficient binary or compressed encoding is required. Alternatively, message structures MAY be encoded according to TLS conventions.</t>
</section>
<section title="Terminology" anchor="Section_1_3">
</section>
</section>
<section title="Introduction" anchor="Section_2">
</section>
<section title="Protocol Overview" anchor="Section_3">
<t/>
</section>
<section title="Protocol Overview " anchor="Section_4">
<t>Here we put a description of the basic protocol  </t>
<section title="Connection Establishment " anchor="Section_4_1">
<t>This part of the specification should be separated into a generic  building block for reuse in other protocols. </t>
<t>The service discovery mechanism described in  [draft-hallambaker-json-web-service-02] is used. </t>
<t>The Hello transaction MAY be used to determine specific  features of the particular Web Service. </t>
<t>The client request is: </t>
<figure>
<artwork>
<![CDATA[
~~~~
POST /.well-known/meshrecrypt/HTTP/1.1
Host: example.com
Content-Length: 23

{
  "HelloRequest": {}}]]></artwork>
</figure>
<figure>
<artwork>
<![CDATA[
The service responds with a description of the service. This 
description MUST specify at least one supported protocol
version.

A typical client response is:

~~~~

~~~~
HTTP/1.1 200 OK
Date: Wed 27 Jul 2016 05:53:27
Content-Length: 219

{
  "HelloResponse": {
    "Status": 201,
    "StatusDescription": "Operation completed successfully",
    "Version": {
      "Major": 0,
      "Minor": 7,
      "Encodings": [{
          "ID": ["application/json"]}]}}}]]></artwork>
</figure>
<figure>
<artwork>
<![CDATA[
All versions of the protocol SHALL support the Hello transaction.
A service MUST support the use of JSON encoding for the 
Hello transaction regardless of version. 

The set of encodings supportted by a protocol version is 
specified in the Encodings field. The encodings field MAY 
be omitted if only JSON is supported.

A service SHOULD support at least one protocol version with 
JSON encoding.


[Note that for the sake of concise presentation, the HTTP binding
information is omitted from future examples.]

]]></artwork>
</figure>
<t/>
</section>
</section>
<section title="Recrypt Service Reference " anchor="Section_5">
<t>SRV Prefix: </t>
<t><list style="hanging">
<t><list style="hanging">
<t hangText="_meshrecrypt._tcp "> </t>
</list></t>
</list></t>
<t>HTTP Well Known Service Prefix: </t>
<t><list style="hanging">
<t><list style="hanging">
<t hangText="/.well-known/meshrecrypt "> </t>
</list></t>
</list></t>
<t>TBS </t>
<section title="Request Messages " anchor="Section_5_1">
<t>A Mesh/Recrypt request consists of a payload object that inherits from the RecryptRequest class. When using the  HTTP binding, the request MUST specify the portal DNS address in the HTTP Host field.  </t>
<section title="Message: RecryptRequest " anchor="Section_5_1_1">
<t>Base class for all request messages. </t>
<t>Portal: String (Optional) </t>
<t><list style="hanging">
<t><list style="hanging">
<t hangText="Name of the Mesh/Recrypt Service to which the request  is directed. "> </t>
</list></t>
</list></t>
</section>
</section>
<section title="Response Messages " anchor="Section_5_2">
<t>A Mesh/Recrypt response consists of a payload object that inherits from the RecryptResponse class. When using the HTTP binding, the response SHOULD report the Status response code in the HTTP response  message. However the response code returned in the payload object MUST always be considered authoritative. </t>
<section title="Message: RecryptResponse " anchor="Section_5_2_1">
<t>Base class for all response messages. Contains only the status code and status description fields. </t>
<t>A service MAY return either the response message specified for that transaction or any parent of that message.  Thus the RecryptResponse message MAY be returned in response  to any request. </t>
<t>Status: Integer (Optional) </t>
<t><list style="hanging">
<t><list style="hanging">
<t hangText="Status return code. The SMTP/HTTP scheme of 2xx = Success, 3xx = incomplete, 4xx = failure is followed. "> </t>
</list></t>
</list></t>
<t>StatusDescription: String (Optional) </t>
<t><list style="hanging">
<t><list style="hanging">
<t hangText="Text description of the status return code for debugging  and log file use. "> </t>
</list></t>
</list></t>
</section>
<section title="Successful Response Codes " anchor="Section_5_2_2">
<t>The following response codes are returned when a transaction has completed successfully. </t>
<t>[201] SuccessOK </t>
<t><list style="hanging">
<t><list style="hanging">
<t hangText="Operation completed successfully "> </t>
</list></t>
</list></t>
<t>[201] SuccessCreated </t>
<t><list style="hanging">
<t><list style="hanging">
<t hangText="Operation completed successfully, new data item created "> </t>
</list></t>
</list></t>
<t>[202] SuccessUpdated </t>
<t><list style="hanging">
<t><list style="hanging">
<t hangText="Operation completed successfully, data item was updated "> </t>
</list></t>
</list></t>
</section>
<section title="Warning Response Codes " anchor="Section_5_2_3">
<t>The following response codes are returned when a transaction did not complete because the target service has been redirected. </t>
<t>In the case that a redirect code is returned, the  StatusDescription field contains the URI of the  new service. Note however that the redirect location  indicated in a status response might be incorrect or even malicious and cannot be considered  trustworthy without appropriate authentication. </t>
<t>[303] RedirectPermanent </t>
<t><list style="hanging">
<t><list style="hanging">
<t hangText="Service has been permanently moved "> </t>
</list></t>
</list></t>
<t>[307] RedirectTemporary </t>
<t><list style="hanging">
<t><list style="hanging">
<t hangText="Service has been temporarily moved "> </t>
</list></t>
</list></t>
</section>
<section title="Error Response Codes " anchor="Section_5_2_4">
<t>A response code in the range 400-499 is returned when the service was able to process the transaction but the transaction resulted in an error. </t>
<t>[401] ClientUnauthorized </t>
<t><list style="hanging">
<t><list style="hanging">
<t hangText="Client is not authorized to perform specified request "> </t>
</list></t>
</list></t>
<t>[404] NotFound </t>
<t><list style="hanging">
<t><list style="hanging">
<t hangText="The requested object could not be found. "> </t>
</list></t>
</list></t>
<t>[409] AlreadyExists </t>
<t><list style="hanging">
<t><list style="hanging">
<t hangText="The requested object already exists. "> </t>
</list></t>
</list></t>
</section>
<section title="Failure Response Codes " anchor="Section_5_2_5">
<t>A response code in the range 500-599 is returned when the service was unable to process the transaction but the transaction due to an internal failure. </t>
<t>[500] ServerInternal </t>
<t><list style="hanging">
<t><list style="hanging">
<t hangText="An internal error occurred at the server "> </t>
</list></t>
</list></t>
<t>[503] ServerOverload </t>
<t><list style="hanging">
<t><list style="hanging">
<t hangText="The server cannot handle the request as it is overloaded "> </t>
</list></t>
</list></t>
</section>
</section>
<section title="Imported Objects " anchor="Section_5_3">
<t>The Mesh/Remesh Service protocol makes use of JSON objects defined in the JOSE Signatgure and Encryption specifications. </t>
</section>
<section title="Common Structures " anchor="Section_5_4">
<t>The following common structures are used in the protocol messages: </t>
<section title="Structure: Version " anchor="Section_5_4_1">
<t>Describes a protocol version. </t>
<t>Major: Integer (Optional) </t>
<t><list style="hanging">
<t><list style="hanging">
<t hangText="Major version number of the service protocol. A higher "> </t>
</list></t>
</list></t>
<t>Minor: Integer (Optional) </t>
<t><list style="hanging">
<t><list style="hanging">
<t hangText="Minor version number of the service protocol. "> </t>
</list></t>
</list></t>
<t>Encodings: Encoding [0..Many] </t>
<t><list style="hanging">
<t><list style="hanging">
<t hangText="Enumerates alternative encodings (e.g. ASN.1, XML, JSON-B) supported by the service. If no encodings are specified, the JSON encoding is assumed. "> </t>
</list></t>
</list></t>
<t>URI: String [0..Many] </t>
<t><list style="hanging">
<t><list style="hanging">
<t hangText="The preferred URI for this service. This MAY be used to effect a redirect in the case that a service moves. "> </t>
</list></t>
</list></t>
</section>
<section title="Structure: Encoding " anchor="Section_5_4_2">
<t>Describes a message content encoding. </t>
<t>ID: String [0..Many] </t>
<t><list style="hanging">
<t><list style="hanging">
<t hangText="The IANA encoding name "> </t>
</list></t>
</list></t>
<t>Dictionary: String [0..Many] </t>
<t><list style="hanging">
<t><list style="hanging">
<t hangText="For encodings that employ a named dictionary for tag or data compression, the name of the dictionary as defined by that  encoding scheme.  "> </t>
</list></t>
</list></t>
</section>
</section>
<section title="Transaction: Hello " anchor="Section_5_5">
<t>Request: HelloRequest </t>
<t>Response:HelloResponse </t>
<t>Report service and version information.  </t>
<t>The Hello transaction provides a means of determining which protocol versions, message encodings and transport protocols are supported by the service. </t>
<section title="Message: HelloRequest " anchor="Section_5_5_1">
<t><list style="symbols">
<t><list style="symbols">
<t> Inherits: RecryptRequest </t>
</list></t>
</list></t>
<t>[None] </t>
</section>
<section title="Message: HelloResponse " anchor="Section_5_5_2">
<t>Always reports success. Describes the configuration of the Mesh portal service. </t>
<t><list style="symbols">
<t><list style="symbols">
<t> Inherits: RecryptResponse </t>
</list></t>
</list></t>
<t>Version: Version (Optional) </t>
<t><list style="hanging">
<t><list style="hanging">
<t hangText="Enumerates the protocol versions supported "> </t>
</list></t>
</list></t>
<t>Alternates: Version [0..Many] </t>
<t><list style="hanging">
<t><list style="hanging">
<t hangText="Enumerates alternate protocol version(s) supported "> </t>
</list></t>
</list></t>
</section>
</section>
</section>
<section title="Acknowledgements" anchor="Section_6">
<t>TBS</t>
</section>
<section title="Implementation Status" anchor="Section_7">
<t>This section records the status of known implementations of the protocol defined by this specification at the time of posting of this Internet-Draft, and is based on a proposal described in RFC 6982.  The description of implementations in this section is intended to assist the IETF in its decision processes in progressing drafts to RFCs.  Please note that the listing of any individual implementation here does not imply endorsement by the IETF.  Furthermore, no effort has been spent to verify the information presented here that was supplied by IETF contributors. This is not intended as, and must not be construed to be, a catalog of available implementations or their features.  Readers are advised to note that other implementations may exist. </t>
<t>According to RFC 6982, "this will allow reviewers and working groups to assign due consideration to documents that have the benefit of running code, which may serve as evidence of valuable experimentation and feedback that have made the implemented protocols more mature.  It is up to the individual working groups to use this information as they see fit". </t>
<section title="Reference Implementation" anchor="Section_7_1">
<t>Organization: Comodo Group Inc.</t>
<t>Implementer: Phillip Hallam-Baker</t>
<t>Maturity: Prototype</t>
<t>This implementation was used to produce the reference section and all the examples in this document. Since the conversion of specification to code is automatic, there is a high degree of assurance that the reference implementation is consistent with this document.</t>
<section title="Coverage:" anchor="Section_7_1_1">
<t>The draft-xx branch describes the code used to create version xx of this document.</t>
<t>The main current limitations are that the code only supports RSA key pairs and for ease of development the server does not persist keys across sessions. Nor does the implementation currently support the HTTP payload authentication and encryption layer or make use of TLS. These could be easily fixed.</t>
<t>The client and server are implemented as libraries that may be called from a multi-protocol server. A standalone server will be provided in a future release.</t>
<t>Only the JSON encoding is currently implemented. The JSON-B, JSON-C, ASN.1 and TLS Schema implementations are all supported by the code generation tool but not currently implemented as the build tool bindings for those encodings have not yet been finalized or documented.</t>
<t>The key restrictions for TLS key exchange have not yet been implemented.</t>
<t>The code has only been tested on Windows 10 but passed compatibility testing for both Mono and dotNetCore 10 run times which should in theory permit use on Linux and OSX platforms.</t>
</section>
<section title="Licensing" anchor="Section_7_1_2">
<t>The code is released under an MIT License</t>
<t>Source code is available from GitHub at https://github.com/hallambaker/LURK-PHB</t>
</section>
<section title="Implementation Experience" anchor="Section_7_1_3">
<t>The implementation and specification documentation were developed in Visual Studio using the PHB Build Tools suite.</t>
</section>
<section title="Contact Info" anchor="Section_7_1_4">
<t>Contact Phillip Hallam-Baker phill@hallambaker.com</t>
</section>
</section>
</section>
<section title="Security Considerations" anchor="Section_8">
<t>[This is just a sketch for the present.]</t>
</section>
<section title="IANA Considerations" anchor="Section_9">
<t>[TBS list out all the code points that require an IANA registration]</t>
</section>
</middle>
<back>
<references title="Normative References">
<reference anchor="RFC7159">
<front>
<title>The JavaScript Object Notation (JSON) Data Interchange Format</title>
<author fullname="T. Bray" initials="T." surname="Bray">
<organization/>
<address>
</address>
</author>
<date month="March" year="2014"/>
</front>
<seriesInfo name="RFC" value="7159"/>
<seriesInfo name="DOI" value="10.17487/RFC7159"/>
</reference>
<reference anchor="RFC7515">
<front>
<title>JSON Web Signature (JWS)</title>
<author fullname="M. Jones" initials="M." surname="Jones">
<organization/>
<address>
</address>
</author>
<author fullname="J. Bradley" initials="J." surname="Bradley">
<organization/>
<address>
</address>
</author>
<author fullname="N. Sakimura" initials="N." surname="Sakimura">
<organization/>
<address>
</address>
</author>
<date month="May" year="2015"/>
</front>
<seriesInfo name="RFC" value="7515"/>
<seriesInfo name="DOI" value="10.17487/RFC7515"/>
</reference>
<reference anchor="RFC7516">
<front>
<title>JSON Web Encryption (JWE)</title>
<author fullname="M. Jones" initials="M." surname="Jones">
<organization/>
<address>
</address>
</author>
<author fullname="J. Hildebrand" initials="J." surname="Hildebrand">
<organization/>
<address>
</address>
</author>
<date month="May" year="2015"/>
</front>
<seriesInfo name="RFC" value="7516"/>
<seriesInfo name="DOI" value="10.17487/RFC7516"/>
</reference>
<reference anchor="RFC7518">
<front>
<title>JSON Web Algorithms (JWA)</title>
<author fullname="M. Jones" initials="M." surname="Jones">
<organization/>
<address>
</address>
</author>
<date month="May" year="2015"/>
</front>
<seriesInfo name="RFC" value="7518"/>
<seriesInfo name="DOI" value="10.17487/RFC7518"/>
</reference>
<reference anchor="RFC5246">
<front>
<title>The Transport Layer Security (TLS) Protocol Version 1.2</title>
<author fullname="T. Dierks" initials="T." surname="Dierks">
<organization/>
<address>
</address>
</author>
<author fullname="E. Rescorla" initials="E." surname="Rescorla">
<organization/>
<address>
</address>
</author>
<date month="August" year="2008"/>
</front>
<seriesInfo name="RFC" value="5246"/>
<seriesInfo name="DOI" value="10.17487/RFC5246"/>
</reference>
<reference anchor="RFC7748">
<front>
<title>Elliptic Curves for Security</title>
<author fullname="A. Langley" initials="A." surname="Langley">
<organization/>
<address>
</address>
</author>
<author fullname="M. Hamburg" initials="M." surname="Hamburg">
<organization/>
<address>
</address>
</author>
<author fullname="S. Turner" initials="S." surname="Turner">
<organization/>
<address>
</address>
</author>
<date month="January" year="2016"/>
</front>
<seriesInfo name="RFC" value="7748"/>
<seriesInfo name="DOI" value="10.17487/RFC7748"/>
</reference>
<reference anchor="draft-hallambaker-json-web-service-02">
<front>
<title>[Reference Not Found!]</title>
<author initials="" surname="">
<organization/>
<address>
</address>
</author>
<date/>
</front>
</reference>
<reference anchor="draft-hallambaker-udf-03">
<front>
<title>[Reference Not Found!]</title>
<author initials="" surname="">
<organization/>
<address>
</address>
</author>
<date/>
</front>
</reference>
<reference anchor="draft-hallambaker-mesh-architecture-01">
<front>
<title>[Reference Not Found!]</title>
<author initials="" surname="">
<organization/>
<address>
</address>
</author>
<date/>
</front>
</reference>
<reference anchor="draft-hallambaker-mesh-reference-02">
<front>
<title>[Reference Not Found!]</title>
<author initials="" surname="">
<organization/>
<address>
</address>
</author>
<date/>
</front>
</reference>
<reference anchor="draft-hallambaker-jsonbcd-05">
<front>
<title>[Reference Not Found!]</title>
<author initials="" surname="">
<organization/>
<address>
</address>
</author>
<date/>
</front>
</reference>
</references>
</back>
</rfc>
